660 1,660 2,660 3,660 4,660 5,660 6,660 7,660 8,660 9,660 10,660 11,660 12,940 1,940 2,940 3,940 4,940 5,940 6,940 7,940 8,940 9,940 10,940 11,940 12,850 1,850 2,850 3,850 4,850 5,850 6,850 7,850 8,850 9,850 10,850 11,850 12,pkt_counter,timestamp_iso
362713,347011,221221,220415,185864,214841,222926,246941,230979,253240,262808,368686,108060,95317,55360,54081,56392,65139,61942,70373,60584,71295,71376,118357,19883,16054,11211,10693,10483,10154,11888,12101,11795,12321,12007,19803,230,2025-11-25T15:18:50.331-06:00
362814,347014,221260,220404,185864,214809,222994,246945,230996,253227,262827,368700,108070,95327,55351,54111,56396,65125,61964,70386,60560,71261,71399,118385,19880,16054,11210,10714,10484,10147,11889,12139,11775,12347,11975,19830,230,2025-11-25T15:18:50.331-06:00
362827,347011,221238,220408,185843,214801,222991,246910,230886,253146,262775,368696,108087,95307,55362,54103,56376,65131,61948,70395,60527,71277,71357,118429,19876,16053,11238,10702,10496,10153,11869,12109,11792,12339,11976,19801,231,2025-11-25T15:18:50.456-06:00
362884,347058,221239,220394,185813,214780,222945,246928,230929,253228,262799,368683,108048,95334,55360,54086,56388,65131,61939,70375,60545,71269,71387,118351,19881,16047,11217,10693,10487,10169,11887,12094,11802,12343,11980,19798,231,2025-11-25T15:18:50.456-06:00
362799,347036,221239,220389,185864,214814,222987,246928,230936,253211,262779,368720,108096,95352,55368,54105,56384,65135,61940,70356,60539,71255,71372,118397,19873,16058,11223,10661,10486,10159,11877,12088,11811,12340,11981,19810,232,2025-11-25T15:18:50.537-06:00
362784,347054,221239,220420,185809,214720,222926,246885,230954,253227,262775,368728,108068,95340,55374,54093,56334,65106,61935,70367,60547,71259,71359,118372,19886,16062,11214,10695,10485,10147,11876,12084,11785,12340,11959,19796,232,2025-11-25T15:18:50.537-06:00
362819,347044,221253,220333,185686,214476,222574,246159,230547,253078,262806,368880,108091,95330,55337,54041,56220,64852,61766,69999,60347,71174,71296,118389,19958,16053,11209,10691,10470,10132,11852,12029,11757,12322,11968,19815,233,2025-11-25T15:18:50.543-06:00
362868,347104,221293,220385,185721,214511,222042,244974,229718,252786,262842,368921,108095,95333,55365,54046,56179,64807,61460,69462,59911,70984,71307,118404,19860,16059,11222,10695,10459,10125,11831,11955,11712,12306,11966,19837,233,2025-11-25T15:18:50.543-06:00
362903,347105,221369,220396,185672,214399,222046,244961,229675,252813,262867,368899,108034,95318,55344,54037,56194,64805,61470,69437,59875,70936,71288,118348,19891,16058,11202,10687,10457,10129,11815,11962,11718,12289,11964,19824,234,2025-11-25T15:18:50.658-06:00
362902,347145,221285,220393,185648,214446,222121,245045,229784,252858,262795,368907,108103,95332,55349,54058,56211,64803,61491,69467,59885,70953,71288,118344,19908,16064,11216,10698,10456,10127,11834,11968,11703,12306,11973,19850,234,2025-11-25T15:18:50.658-06:00
362827,347162,221338,220385,185639,214416,222127,245080,229677,252825,262791,368861,108076,95306,55354,54041,56185,64803,61491,69468,59876,70928,71307,118368,19882,16054,11207,10689,10458,10129,11819,11967,11693,12284,11964,19829,235,2025-11-25T15:18:50.720-06:00
362856,347089,221325,220403,185684,214449,222089,245056,229737,252872,262810,368866,108068,95325,55322,54044,56166,64813,61487,69478,59879,70937,71297,118348,19864,16077,11221,10675,10460,10123,11858,11960,11694,12292,11974,19820,235,2025-11-25T15:18:50.720-06:00
362816,347073,221276,220418,185642,214445,222078,245012,229717,252803,262869,368916,108062,95300,55343,54045,56171,64792,61484,69469,59890,70949,71301,118392,19883,16079,11207,10685,10453,10123,11817,11952,11702,12300,11974,19818,236,2025-11-25T15:18:50.780-06:00
362851,347021,221185,220342,185685,214627,222329,245461,229960,252895,262742,368715,108064,95311,55339,54047,56277,65005,61554,69713,59986,71022,71342,118348,19861,16059,11225,10683,10488,10146,11831,11971,11717,12311,11968,19827,236,2025-11-25T15:18:50.780-06:00
362745,347031,221260,220329,185713,214667,222811,246626,230640,253114,262734,368757,108064,95331,55364,54051,56328,65045,61876,70196,60378,71181,71357,118377,19877,16024,11176,10684,10484,10154,11869,12055,11802,12335,11966,19800,237,2025-11-25T15:18:50.869-06:00
362781,347012,221260,220349,185722,214664,222782,246514,230693,253177,262785,368726,108073,95330,55359,54057,56328,65054,61823,70166,60419,71214,71359,118379,19897,16068,11201,10683,10469,10145,11874,12068,11780,12341,11968,19805,237,2025-11-25T15:18:50.869-06:00
362749,347009,221237,220365,185752,214700,222781,246560,230726,253103,262773,368725,108056,95320,55356,54076,56321,65045,61824,70185,60388,71189,71365,118362,19873,16054,11215,10700,10480,10139,11867,12066,11772,12332,11973,19815,238,2025-11-25T15:18:50.903-06:00
362792,347075,221283,220362,185704,214616,222786,246532,230667,253200,262732,368647,108061,95345,55341,54079,56318,65015,61831,70184,60414,71208,71361,118374,19897,16075,11211,10699,10475,10143,11882,12053,11774,12349,11955,19805,238,2025-11-25T15:18:50.903-06:00
362811,347031,221237,220347,185725,214647,222773,246531,230699,253154,262790,368768,108057,95319,55351,54092,56319,65036,61824,70174,60412,71189,71355,118381,19850,16072,11214,10698,10475,10143,11870,12055,11781,12336,11973,19764,239,2025-11-25T15:18:50.965-06:00
362814,347044,221239,220340,185751,214700,222771,246510,230687,253158,262803,368786,108052,95340,55363,54087,56331,65053,61837,70198,60393,71212,71361,118373,19882,16058,11211,10697,10487,10147,11876,12066,11767,12331,11995,19821,239,2025-11-25T15:18:50.965-06:00
362803,347026,221295,220273,185655,214393,222695,246250,230530,253059,262804,368890,108053,95321,55361,54055,56213,64838,61746,70052,60365,71119,71316,118387,19901,16054,11208,10687,10452,10128,11851,12049,11762,12319,11980,19826,240,2025-11-25T15:18:51.021-06:00
362886,347102,221268,220340,185697,214404,222072,244942,229788,252782,262869,369085,108061,95308,55358,54022,56154,64716,61475,69413,59907,70949,71245,118374,19886,16057,11209,10688,10446,10130,11822,11949,11707,12298,11982,19831,240,2025-11-25T15:18:51.021-06:00
362855,347047,221335,220510,185833,214673,221664,243900,229047,252676,262992,369153,108084,95347,55359,54041,56148,64708,61229,68920,59531,70776,71253,118359,19895,16069,11214,10678,10470,10154,11787,11875,11661,12284,11946,19803,241,2025-11-25T15:18:51.115-06:00
362853,347109,221420,220661,185789,214775,221393,243226,228417,252459,262972,369151,108095,95354,55389,54073,56138,64677,61112,68604,59242,70616,71231,118390,19879,16059,11228,10688,10452,10144,11759,11815,11625,12220,11958,19834,241,2025-11-25T15:18:51.115-06:00
362910,347181,221390,220615,185834,214730,221339,243141,228403,252446,263012,369135,108117,95322,55371,54075,56140,64688,61095,68553,59179,70618,71224,118344,19883,16060,11217,10700,10445,10144,11759,11810,11618,12245,11970,19819,242,2025-11-25T15:18:51.171-06:00
362903,347104,221363,220618,185900,214825,221370,243181,228379,252420,263074,369174,108073,95310,55356,54077,56161,64706,61075,68583,59180,70618,71227,118407,19878,16071,11217,10687,10455,10156,11756,11820,11620,12246,11972,19852,242,2025-11-25T15:18:51.171-06:00
362867,347124,221362,220641,185857,214808,221391,243171,228376,252480,263006,369131,108098,95307,55367,54085,56144,64719,61092,68611,59183,70616,71211,118387,19902,16066,11202,10697,10465,10137,11762,11811,11599,12245,11968,19823,243,2025-11-25T15:18:51.258-06:00
362979,347187,221382,220640,185833,214859,221390,243183,228366,252410,263037,369125,108083,95324,55377,54088,56150,64720,61109,68582,59196,70605,71235,118388,19895,16036,11215,10669,10447,10140,11754,11825,11618,12238,11964,19837,243,2025-11-25T15:18:51.258-06:00
362820,347102,221376,220554,185774,214766,221405,243229,228429,252471,262999,369107,108107,95321,55358,54085,56171,64760,61109,68589,59192,70610,71270,118369,19904,16056,11248,10697,10456,10128,11768,11819,11610,12235,11980,19826,244,2025-11-25T15:18:51.319-06:00
362796,347093,221303,220482,185654,214645,221824,244326,229066,252621,262912,368845,108050,95328,55351,54076,56188,64870,61319,69140,59546,70793,71324,118381,19874,16051,11211,10689,10445,10137,11796,11906,11657,12270,11975,19817,244,2025-11-25T15:18:51.319-06:00
362721,347110,221234,220444,185697,214628,222294,245567,229929,252897,262868,368513,108058,95262,55352,54058,56277,64976,61560,69728,59977,70991,71353,118251,19895,16053,11201,10702,10464,10147,11821,12002,11705,12276,11985,19807,245,2025-11-25T15:18:51.416-06:00
362717,347000,221199,220398,185782,214783,222801,246768,230787,253170,262822,368680,108098,95309,55354,54092,56348,65140,61874,70290,60426,71212,71400,118335,19930,16045,11214,10692,10487,10177,11881,12087,11775,12328,11971,19792,245,2025-11-25T15:18:51.416-06:00
362841,347116,221271,220380,185848,214788,222953,246979,230974,253194,262763,368616,108061,95326,55357,54095,56389,65148,61964,70393,60555,71275,71376,118387,19876,16046,11200,10686,10481,10161,11877,12088,11803,12358,11959,19809,246,2025-11-25T15:18:51.447-06:00
362838,347078,221258,220398,185822,214820,223001,246953,231004,253247,262828,368666,108078,95312,55365,54087,56387,65146,61971,70396,60575,71291,71377,118366,19879,16068,11215,10686,10483,10165,11874,12099,11765,12357,11965,19801,246,2025-11-25T15:18:51.447-06:00
362798,346998,221214,220360,185838,214786,223019,246962,230961,253211,262778,368672,108059,95343,55367,54096,56382,65144,61937,70387,60552,71277,71360,118430,19878,16061,11207,10700,10499,10153,11884,12091,11796,12345,11977,19799,247,2025-11-25T15:18:51.499-06:00
362753,347030,221247,220418,185815,214822,223001,246915,230951,253240,262756,368677,108066,95304,55348,54097,56379,65119,61956,70385,60553,71237,71387,118394,19902,16061,11184,10686,10479,10155,11877,12092,11793,12323,11982,19804,247,2025-11-25T15:18:51.499-06:00
362761,346949,221266,220367,185827,214774,222908,246870,230936,253176,262730,368673,108073,95306,55354,54095,56366,65121,61925,70361,60548,71256,71386,118358,19870,16061,11196,10668,10483,10148,11880,12080,11788,12350,11974,19819,248,2025-11-25T15:18:51.594-06:00
362797,346995,221157,220349,185661,214536,222939,246876,230963,253217,262770,368819,108066,95315,55363,54066,56286,64958,61922,70332,60535,71275,71320,118343,19896,16055,11220,10694,10465,10130,11895,12105,11789,12335,11977,19798,248,2025-11-25T15:18:51.594-06:00
362761,347018,221322,220327,185700,214480,222425,245704,230194,252956,262826,369023,108053,95305,55345,54024,56208,64797,61639,69782,60170,71068,71296,118396,19879,16040,11198,10678,10457,10114,11840,12017,11735,12309,11975,19835,249,2025-11-25T15:18:51.651-06:00
362934,347120,221417,220437,185588,214357,222100,245011,229655,252810,262814,368889,108065,95331,55351,54046,56174,64787,61462,69439,59884,70920,71296,118381,19876,16066,11207,10692,10441,10128,11801,11960,11703,12294,11972,19807,249,2025-11-25T15:18:51.651-06:00
362761,347035,221262,220339,185667,214432,222118,245045,229732,252873,262766,368934,108063,95340,55338,54031,56189,64815,61475,69460,59884,70947,71275,118335,19881,16079,11166,10684,10448,10142,11825,11948,11693,12293,11959,19810,250,2025-11-25T15:18:51.743-06:00
362768,347039,221254,220343,185670,214421,222149,245086,229704,252837,262829,368905,108052,95318,55336,54039,56207,64793,61465,69466,59880,70949,71306,118357,19819,16074,11201,10673,10437,10121,11818,11957,11699,12288,11945,19800,250,2025-11-25T15:18:51.743-06:00
362856,347099,221302,220415,185684,214437,222102,245051,229762,252833,262808,368862,108060,95297,55332,54032,56177,64803,61465,69481,59876,70951,71297,118380,19880,16048,11203,10683,10444,10124,11809,11951,11711,12283,11956,19830,251,2025-11-25T15:18:51.800-06:00
362941,347143,221268,220359,185634,214397,222146,245065,229746,252841,262771,368844,108073,95317,55347,54062,56197,64756,61472,69479,59890,70962,71287,118318,19881,16061,11197,10687,10445,10117,11814,11934,11691,12283,11965,19806,251,2025-11-25T15:18:51.800-06:00
362849,346996,221292,220380,185680,214508,222120,245017,229710,252784,262748,368615,108045,95317,55350,54032,56225,64853,61467,69493,59858,70969,71292,118343,19894,16049,11204,10675,10460,10127,11798,11959,11694,12289,11960,19789,252,2025-11-25T15:18:51.929-06:00
362745,347003,221260,220346,185705,214654,222538,246078,230239,252968,262832,368697,108040,95315,55352,54079,56377,65019,61698,69963,60099,71073,71333,118391,19856,16030,11205,10695,10478,10142,11844,12032,11734,12311,11952,19791,252,2025-11-25T15:18:51.929-06:00
362787,346986,221240,220370,185733,214637,222778,246530,230709,253126,262776,368786,108054,95318,55367,54077,56301,65027,61827,70200,60408,71182,71344,118373,19871,16045,11212,10680,10462,10143,11836,12059,11776,12323,11974,19812,253,2025-11-25T15:18:51.929-06:00
362817,347091,221207,220345,185717,214717,222775,246541,230772,253144,262768,368717,108064,95355,55364,54079,56322,65045,61830,70191,60397,71202,71355,118370,19855,16090,11188,10683,10468,10158,11854,12058,11763,12320,11960,19787,253,2025-11-25T15:18:51.929-06:00
362795,346992,221228,220331,185744,214727,222738,246545,230646,253115,262807,368661,108043,95296,55344,54057,56323,65047,61842,70168,60411,71169,71344,118377,19872,16046,11200,10675,10478,10155,11850,12049,11763,12330,11953,19780,254,2025-11-25T15:18:51.983-06:00
362811,347070,221241,220398,185753,214711,222776,246517,230669,253116,262757,368728,108091,95300,55346,54077,56326,65052,61826,70177,60409,71203,71359,118341,19856,16042,11200,10678,10483,10132,11881,12055,11767,12325,11961,19790,254,2025-11-25T15:18:51.983-06:00
362806,347052,221230,220340,185752,214685,222706,246471,230722,253121,262789,368693,108129,95330,55341,54061,56322,65036,61820,70177,60383,71208,71334,118352,19875,16046,11198,10677,10477,10136,11859,12058,11777,12337,11958,19798,255,2025-11-25T15:18:52.069-06:00
362837,347111,221265,220407,185706,214593,222777,246558,230675,253156,262761,368798,108058,95322,55366,54073,56277,64990,61836,70178,60398,71195,71328,118320,19863,16060,11194,10691,10467,10142,11864,12046,11771,12334,11946,19789,255,2025-11-25T15:18:52.069-06:00
362840,347070,221201,220308,185671,214402,222336,245687,230288,252977,262838,368958,108087,95276,55338,54040,56195,64762,61623,69774,60206,71112,71287,118339,19875,16039,11197,10682,10453,10114,11820,11986,11738,12311,11979,19800,0,2025-11-25T15:18:52.135-06:00
362854,347191,221340,220441,185730,214467,221910,244573,229480,252742,262868,369105,108044,95303,55348,54030,56132,64690,61360,69240,59751,70890,71240,118409,19891,16042,11199,10666,10436,10109,11778,11924,11690,12271,11952,19828,0,2025-11-25T15:18:52.135-06:00
362849,347101,221376,220631,185804,214720,221436,243455,228704,252548,262957,369153,108056,95331,55364,54043,56129,64685,61132,68697,59328,70675,71268,118378,19884,16043,11204,10684,10453,10115,11775,11833,11626,12241,11951,19817,1,2025-11-25T15:18:52.189-06:00
362944,347245,221382,220630,185875,214815,221331,243201,228413,252450,263009,369204,108051,95309,55337,54077,56137,64689,61076,68579,59202,70621,71218,118367,19851,16033,11211,10689,10447,10135,11752,11813,11603,12238,11968,19817,1,2025-11-25T15:18:52.189-06:00
362836,347144,221376,220587,185899,214853,221364,243171,228374,252427,263066,369158,108068,95302,55373,54072,56146,64709,61091,68579,59166,70623,71239,118284,19854,16047,11200,10702,10439,10141,11748,11827,11591,12238,11972,19817,2,2025-11-25T15:18:52.289-06:00
362933,347157,221441,220632,185842,214827,221394,243147,228352,252418,263008,369166,108047,95334,55363,54079,56110,64714,61093,68570,59177,70601,71226,118355,19880,16050,11197,10684,10444,10139,11760,11800,11601,12231,11971,19820,2,2025-11-25T15:18:52.289-06:00
363017,347227,221387,220629,185878,214845,221396,243213,228421,252454,262863,369072,108085,95326,55366,54062,56138,64707,61061,68604,59192,70637,71248,118343,19859,16053,11201,10685,10472,10123,11753,11830,11616,12253,11966,19802,3,2025-11-25T15:18:52.371-06:00
362905,347183,221358,220630,185838,214844,221404,243223,228444,252473,262976,369167,108050,95314,55358,54077,56144,64723,61096,68606,59217,70614,71233,118376,19876,16049,11217,10677,10447,10130,11756,11813,11582,12230,11955,19816,3,2025-11-25T15:18:52.371-06:00
362875,347108,221264,220563,185782,214822,221522,243562,228529,252488,262980,368993,108073,95302,55351,54073,56175,64818,61161,68730,59224,70662,71290,118397,19880,16038,11197,10688,10446,10149,11768,11834,11604,12245,11968,19823,4,2025-11-25T15:18:52.404-06:00
362861,347096,221350,220476,185683,214572,222008,244821,229470,252822,262907,368820,108027,95315,55347,54063,56198,64892,61410,69357,59719,70855,71336,118372,19867,16048,11208,10686,10454,10132,11805,11916,11665,12253,11937,19811,4,2025-11-25T15:18:52.404-06:00
362797,347139,221214,220386,185702,214720,222513,245984,230278,253012,262816,368610,108015,95302,55356,54076,56325,65063,61700,69954,60177,71099,71378,118378,19866,16031,11197,10682,10464,10143,11826,12027,11739,12307,11960,19794,5,2025-11-25T15:18:52.460-06:00
362738,346987,221199,220314,185813,214741,222983,246944,231010,253211,262845,368636,108055,95339,55341,54080,56392,65125,61933,70379,60551,71287,71380,118394,19863,16058,11173,10694,10475,10156,11877,12097,11789,12325,11958,19822,5,2025-11-25T15:18:52.460-06:00
362675,347018,221229,220394,185822,214812,222978,246989,230979,253244,262776,368615,108062,95324,55369,54094,56398,65146,61959,70382,60564,71268,71377,118352,19867,16014,11199,10680,10485,10165,11871,12085,11793,12339,11962,19773,6,2025-11-25T15:18:52.618-06:00
362699,347017,221203,220388,185846,214864,222997,246937,231014,253202,262801,368665,108037,95335,55346,54093,56368,65133,61945,70368,60543,71259,71382,118375,19854,16042,11203,10678,10487,10147,11875,12090,11792,12315,11968,19799,6,2025-11-25T15:18:52.618-06:00
362781,346989,221193,220391,185806,214741,222988,246900,230971,253225,262785,368620,108065,95306,55343,54065,56370,65111,61939,70371,60537,71268,71327,118347,19872,16073,11215,10679,10475,10167,11878,12079,11787,12333,11961,19769,7,2025-11-25T15:18:52.639-06:00
362768,347042,221214,220368,185829,214795,222961,246912,230970,253193,262781,368718,108056,95326,55351,54076,56391,65145,61927,70374,60543,71244,71372,118341,19888,16040,11195,10678,10485,10155,11871,12090,11792,12340,11947,19783,7,2025-11-25T15:18:52.639-06:00
362772,346979,221240,220385,185842,214737,222903,246872,230921,253209,262743,368642,108054,95318,55352,54083,56357,65116,61916,70364,60545,71254,71367,118346,19871,16036,11195,10687,10475,10146,11860,12079,11792,12341,11972,19785,8,2025-11-25T15:18:52.670-06:00
362744,346973,221258,220294,185666,214504,222715,246485,230693,253088,262748,368796,108039,95356,55352,54022,56256,64895,61821,70123,60449,71206,71318,118360,19857,16033,11204,10670,10469,10135,11860,12038,11768,12325,11958,19807,8,2025-11-25T15:18:52.670-06:00
362838,347087,221276,220400,185633,214425,222154,245117,229877,252860,262826,368867,108080,95303,55343,54020,56186,64786,61504,69523,59997,71008,71295,118375,19879,16030,11210,10671,10448,10107,11808,11949,11720,12286,11956,19829,9,2025-11-25T15:18:52.760-06:00
362855,347068,221231,220360,185652,214457,222113,245033,229720,252833,262811,368948,108067,95293,55354,54025,56203,64795,61489,69488,59866,70938,71284,118331,19853,16040,11192,10681,10435,10118,11810,11960,11709,12288,11965,19802,9,2025-11-25T15:18:52.760-06:00
362838,347126,221247,220369,185721,214487,222087,245060,229712,252780,262764,368890,108040,95305,55361,54032,56181,64799,61472,69456,59870,70942,71280,118353,19851,16049,11172,10679,10442,10109,11785,11940,11689,12281,11959,19816,10,2025-11-25T15:18:52.848-06:00
362791,347088,221288,220376,185615,214432,222083,245019,229675,252786,262827,368840,108040,95310,55337,54035,56180,64792,61473,69466,59864,70938,71296,118353,19861,16052,11199,10676,10444,10113,11814,11940,11695,12285,11959,19811,10,2025-11-25T15:18:52.848-06:00
362970,347203,221328,220390,185634,214424,222116,245063,229683,252834,262807,368840,108049,95319,55334,54019,56172,64805,61469,69463,59880,70946,71269,118341,19906,16054,11202,10667,10442,10111,11812,11938,11693,12279,11966,19812,11,2025-11-25T15:18:52.945-06:00
362823,347018,221277,220371,185705,214450,222159,245118,229684,252811,262844,368910,108054,95298,55347,54015,56197,64772,61486,69464,59869,70942,71284,118340,19863,16023,11195,10669,10443,10121,11838,11947,11688,12286,11969,19785,11,2025-11-25T15:18:52.945-06:00
362933,347188,221220,220331,185644,214429,222061,245050,229734,252897,262806,368848,108057,95286,55332,54028,56202,64810,61467,69456,59880,70967,71262,118358,19884,16050,11188,10670,10456,10117,11800,11948,11698,12293,11931,19812,12,2025-11-25T15:18:52.967-06:00
362764,346991,221291,220392,185642,214470,222151,245111,229779,252830,262817,368869,108051,95281,55336,54027,56179,64810,61480,69470,59868,70944,71277,118353,19852,16036,11194,10677,10444,10118,11810,11949,11696,12277,11958,19807,12,2025-11-25T15:18:52.967-06:00
362868,347115,221366,220419,185654,214423,222093,245015,229704,252802,262848,368890,108041,95357,55355,54045,56199,64809,61462,69487,59893,70937,71276,118342,19867,15999,11181,10665,10445,10122,11800,11932,11699,12288,11945,19818,13,2025-11-25T15:18:53.094-06:00
362846,347133,221271,220435,185671,214444,222116,245058,229684,252817,262771,368906,108057,95305,55335,54028,56161,64795,61464,69461,59902,70948,71278,118357,19863,16035,11208,10667,10446,10110,11814,11938,11688,12282,11953,19823,13,2025-11-25T15:18:53.094-06:00
362780,347007,221255,220405,185652,214450,222152,245063,229701,252792,262831,368927,108030,95305,55334,54025,56179,64797,61483,69467,59881,70945,71276,118337,19858,16035,11185,10667,10439,10113,11809,11958,11699,12267,11940,19803,14,2025-11-25T15:18:53.094-06:00
362808,347038,221292,220436,185663,214464,222117,245051,229733,252810,262785,368908,108029,95284,55336,54035,56192,64807,61508,69472,59874,70944,71274,118335,19842,16039,11199,10670,10444,10115,11793,11944,11701,12290,11960,19792,14,2025-11-25T15:18:53.094-06:00
362811,347016,221263,220380,185641,214408,222140,245085,229735,252843,262798,368841,108024,95336,55346,54031,56179,64755,61475,69502,59892,70942,71288,118327,19847,16015,11198,10665,10437,10107,11801,11941,11690,12264,11960,19778,15,2025-11-25T15:18:53.188-06:00
362728,347006,221277,220412,185656,214428,222149,245092,229715,252887,262824,368859,108024,95301,55341,54045,56196,64794,61484,69474,59879,70919,71290,118348,19810,16031,11186,10666,10442,10147,11812,11945,11694,12280,11960,19794,15,2025-11-25T15:18:53.188-06:00
362885,347074,221297,220407,185654,214382,222141,245130,229770,252857,262788,368837,108045,95249,55317,54024,56183,64797,61487,69481,59876,70940,71273,118339,19854,16040,11191,10664,10441,10108,11815,11940,11698,12325,11949,19782,16,2025-11-25T15:18:53.267-06:00
362804,347052,221269,220390,185706,214512,222144,245114,229736,252864,262818,368864,108022,95300,55329,54036,56168,64785,61443,69475,59884,70957,71265,118334,19848,16020,11181,10667,10434,10105,11790,11941,11701,12278,11948,19787,16,2025-11-25T15:18:53.267-06:00
362768,347107,221309,220372,185615,214417,222111,245072,229725,252866,262793,368811,107989,95246,55316,54008,56159,64778,61460,69460,59869,70937,71257,118350,19793,15994,11152,10626,10409,10091,11788,11935,11686,12261,11923,19723,17,2025-11-25T15:18:53.328-06:00
362585,347000,221193,220323,185488,214298,222100,245042,229703,252786,262766,368724,107777,95104,55247,53949,56068,64701,61442,69451,59865,70924,71171,118202,19567,15811,11071,10581,10307,9978,11765,11909,11661,12232,11849,19677,17,2025-11-25T15:18:53.328-06:00
362449,346728,221061,220226,185471,214294,222036,244976,229658,252751,262632,368658,107534,94945,55123,53835,55972,64602,61354,69342,59771,70835,71086,118023,19364,15661,10935,10442,10186,9870,11655,11791,11591,12156,11740,19490,18,2025-11-25T15:18:53.420-06:00
362334,346705,221107,220238,185425,214272,221958,244951,229554,252669,262619,368555,107460,94874,55080,53799,55944,64553,61269,69279,59687,70725,71044,117917,19285,15592,10873,10381,10135,9812,11564,11688,11461,12036,11664,19361,18,2025-11-25T15:18:53.420-06:00
362499,346757,221073,220170,185438,214264,221919,244877,229591,252639,262607,368552,107501,94865,55046,53761,55922,64548,61232,69211,59638,70695,70966,117844,19292,15590,10845,10346,10116,9789,11516,11643,11400,11985,11616,19301,19,2025-11-25T15:18:53.451-06:00
362498,346834,221101,220216,185454,214296,221953,244904,229495,252617,262659,368648,107495,94846,55025,53750,55919,64521,61217,69203,59606,70651,70955,117801,19287,15567,10824,10329,10084,9762,11492,11608,11366,11934,11574,19238,19,2025-11-25T15:18:53.451-06:00
362547,346915,221129,220220,185471,214304,221977,244862,229596,252694,262670,368674,107507,94875,55009,53735,55912,64525,61193,69189,59572,70602,70903,117736,19310,15584,10823,10308,10069,9754,11458,11572,11335,11896,11544,19184,20,2025-11-25T15:18:53.509-06:00
362587,346940,221146,220270,185521,214253,221930,244948,229593,252658,262646,368729,107511,94881,55026,53733,55898,64515,61167,69167,59550,70576,70913,117701,19336,15589,10829,10310,10073,9725,11439,11550,11309,11869,11522,19152,20,2025-11-25T15:18:53.509-06:00
362637,346885,221167,220278,185458,214242,221978,244905,229613,252688,262653,368687,107507,94860,55030,53741,55898,64513,61156,69159,59559,70581,70891,117713,19305,15577,10835,10328,10073,9735,11433,11541,11304,11853,11520,19154,21,2025-11-25T15:18:53.570-06:00
362537,346909,221165,220197,185491,214318,221938,244920,229542,252653,262630,368763,107521,94854,55020,53751,55908,64521,61181,69170,59536,70569,70915,117672,19304,15586,10835,10325,10084,9728,11439,11556,11294,11856,11520,19163,21,2025-11-25T15:18:53.570-06:00
362542,346861,221128,220280,185466,214293,222013,244986,229549,252700,262677,368692,107476,94867,55030,53760,55904,64524,61186,69159,59553,70598,70921,117728,19302,15578,10837,10333,10091,9749,11457,11561,11305,11848,11542,19180,22,2025-11-25T15:18:53.667-06:00
362485,346819,221145,220220,185451,214245,221994,244975,229612,252679,262691,368778,107517,94867,55020,53772,55904,64531,61209,69195,59593,70599,70929,117767,19303,15574,10842,10339,10093,9753,11465,11589,11330,11873,11547,19195,22,2025-11-25T15:18:53.667-06:00
362568,346832,221102,220221,185491,214300,221969,244954,229587,252700,262704,368767,107480,94869,55044,53741,55908,64535,61191,69182,59575,70595,70938,117745,19300,15584,10833,10335,10090,9765,11465,11581,11327,11883,11555,19209,23,2025-11-25T15:18:53.749-06:00
362512,346842,221095,220191,185464,214252,221960,244893,229611,252669,262662,368715,107520,94868,55029,53755,55907,64538,61191,69174,59571,70606,70934,117778,19299,15569,10846,10339,10094,9771,11469,11584,11329,11892,11558,19214,23,2025-11-25T15:18:53.749-06:00
362472,346807,221120,220258,185459,214281,221940,244928,229575,252689,262651,368765,107492,94868,55043,53770,55907,64552,61196,69192,59585,70622,70940,117806,19298,15579,10843,10330,10115,9764,11472,11578,11339,11878,11568,19228,24,2025-11-25T15:18:53.836-06:00
362504,346907,221092,220235,185458,214306,221962,244925,229559,252637,262690,368706,107493,94876,55026,53766,55917,64534,61187,69195,59567,70620,70938,117773,19291,15589,10847,10337,10105,9765,11473,11579,11344,11899,11564,19219,24,2025-11-25T15:18:53.836-06:00
362533,346861,221069,220239,185491,214299,221954,244908,229558,252644,262642,368641,107494,94885,55024,53754,55927,64543,61193,69186,59585,70610,70941,117773,19304,15599,10845,10336,10112,9771,11475,11584,11343,11895,11566,19212,25,2025-11-25T15:18:53.841-06:00
362511,346863,221127,220257,185449,214284,221966,244906,229549,252679,262599,368660,107489,94887,55036,53765,55928,64551,61193,69203,59565,70613,70938,117752,19305,15581,10846,10342,10108,9772,11476,11589,11349,11896,11561,19223,25,2025-11-25T15:18:53.841-06:00
362526,346814,221045,220224,185473,214264,221970,244909,229591,252666,262618,368796,107499,94889,55034,53757,55924,64539,61202,69206,59584,70628,70953,117763,19317,15574,10844,10321,10107,9758,11481,11582,11344,11897,11561,19224,26,2025-11-25T15:18:53.932-06:00
362530,346808,221127,220250,185442,214334,221975,244952,229548,252691,262682,368781,107529,94865,55033,53775,55925,64528,61197,69198,59580,70607,70942,117762,19318,15598,10840,10352,10099,9773,11473,11589,11346,11899,11561,19246,26,2025-11-25T15:18:53.932-06:00
362531,346937,221118,220242,185504,214315,221977,244979,229607,252670,262725,368749,107505,94899,55041,53742,55918,64532,61195,69190,59558,70613,70934,117773,19312,15598,10857,10350,10104,9767,11481,11603,11333,11892,11552,19204,27,2025-11-25T15:18:54.047-06:00
362566,346866,221116,220248,185497,214320,222000,244981,229596,252641,262747,368891,107504,94891,55048,53766,55922,64523,61201,69206,59565,70591,70929,117765,19324,15607,10849,10346,10109,9764,11471,11588,11338,11886,11557,19209,27,2025-11-25T15:18:54.047-06:00
362569,346858,221138,220309,185462,214290,222050,244973,229624,252768,262825,368919,107520,94892,55049,53753,55919,64538,61194,69197,59567,70620,70931,117784,19322,15596,10861,10346,10109,9778,11474,11584,11331,11885,11555,19204,28,2025-11-25T15:18:54.051-06:00
362636,346943,221155,220291,185491,214333,222033,245002,229700,252785,262838,368912,107545,94895,55053,53755,55933,64523,61192,69186,59574,70608,70925,117747,19331,15611,10857,10337,10104,9773,11472,11560,11331,11885,11544,19192,28,2025-11-25T15:18:54.051-06:00
362608,346882,221168,220285,185543,214378,222057,245047,229676,252832,262811,368994,107551,94849,55058,53765,55925,64530,61200,69179,59580,70616,70928,117746,19338,15621,10874,10353,10106,9777,11479,11576,11333,11890,11539,19186,29,2025-11-25T15:18:54.174-06:00
362653,346940,221208,220321,185572,214370,222074,245016,229689,252834,262877,369049,107619,94904,55063,53770,55937,64549,61201,69196,59587,70612,70934,117746,19381,15616,10862,10355,10128,9779,11477,11583,11339,11887,11552,19194,29,2025-11-25T15:18:54.174-06:00
362712,347040,221199,220293,185546,214380,222034,245024,229723,252826,262829,369117,107554,94928,55071,53784,55920,64530,61199,69213,59596,70627,70906,117736,19379,15625,10875,10360,10114,9780,11480,11590,11341,11884,11552,19187,30,2025-11-25T15:18:54.227-06:00
362655,346946,221210,220285,185488,214312,222053,245008,229722,252853,262788,368956,107565,94900,55055,53781,55917,64538,61169,69182,59561,70597,70942,117726,19372,15610,10872,10355,10111,9777,11474,11571,11339,11879,11548,19185,30,2025-11-25T15:18:54.227-06:00
362554,346881,221089,220258,185445,214325,221996,245022,229616,252717,262739,368701,107578,94952,55078,53784,55994,64689,61225,69239,59606,70629,71019,117849,19377,15635,10871,10343,10128,9785,11485,11584,11335,11879,11536,19201,31,2025-11-25T15:18:54.286-06:00
362640,346879,221126,220263,185559,214505,222131,245240,229729,252789,262827,368562,107578,94967,55111,53834,56057,64776,61390,69438,59758,70790,71089,117867,19366,15629,10889,10369,10135,9801,11494,11610,11343,11901,11536,19187,31,2025-11-25T15:18:54.286-06:00
362810,347133,221236,220298,185604,214543,222286,245330,229879,252886,262877,368889,107563,94915,55086,53791,55973,64616,61447,69478,59827,70834,70995,117796,19383,15634,10885,10360,10113,9784,11512,11612,11351,11903,11552,19178,32,2025-11-25T15:18:54.381-06:00
362916,347228,221401,220353,185639,214511,222180,245253,229855,252959,262967,369135,107534,94872,55041,53741,55859,64499,61232,69256,59673,70677,70952,117758,19376,15630,10870,10349,10104,9776,11487,11596,11341,11893,11542,19192,32,2025-11-25T15:18:54.381-06:00
362956,347406,221510,220381,185601,214416,222098,245117,229814,252974,263020,369465,107553,94828,55012,53722,55785,64328,61158,69145,59590,70630,70871,117681,19379,15643,10863,10350,10101,9769,11473,11571,11333,11884,11540,19180,33,2025-11-25T15:18:54.412-06:00
363057,347510,221584,220478,185666,214511,222004,244980,229865,253030,263069,369658,107497,94790,55000,53706,55704,64240,61010,68966,59455,70499,70806,117638,19387,15652,10858,10347,10083,9752,11475,11571,11336,11883,11544,19175,33,2025-11-25T15:18:54.412-06:00
363226,347636,221796,220720,185716,214665,222005,244934,229865,253092,263137,369776,107562,94793,55009,53708,55669,64222,60956,68902,59357,70432,70807,117628,19396,15647,10851,10355,10080,9758,11457,11563,11337,11867,11554,19169,34,2025-11-25T15:18:54.472-06:00
363215,347721,221812,220806,185744,214689,222057,245017,229835,253099,263159,369901,107521,94795,55007,53722,55657,64204,60927,68861,59333,70389,70796,117548,19403,15656,10855,10355,10080,9761,11463,11570,11328,11871,11540,19138,34,2025-11-25T15:18:54.472-06:00
363264,347736,221850,220879,185713,214690,222063,245010,229928,253144,263143,369737,107505,94809,55015,53722,55676,64252,60916,68854,59333,70391,70840,117616,19412,15660,10848,10368,10086,9757,11460,11571,11327,11854,11535,19172,35,2025-11-25T15:18:54.532-06:00
363250,347794,221853,220879,185764,214744,222129,245096,229987,253186,263271,369717,107504,94837,55044,53769,55740,64333,60998,68977,59430,70466,70864,117639,19403,15673,10880,10376,10089,9773,11465,11578,11327,11867,11539,19161,35,2025-11-25T15:18:54.532-06:00
363290,347761,221895,220921,185868,214806,222224,245207,229997,253219,263320,369983,107505,94803,55047,53757,55705,64291,61025,68996,59459,70501,70822,117610,19402,15683,10879,10375,10091,9774,11476,11577,11328,11869,11518,19159,36,2025-11-25T15:18:54.627-06:00
363370,347907,221984,221009,185893,214911,222242,245228,230051,253302,263370,370116,107546,94807,55053,53771,55730,64314,60993,68915,59397,70446,70838,117583,19419,15678,10868,10380,10107,9785,11481,11577,11330,11868,11543,19158,36,2025-11-25T15:18:54.627-06:00
363381,347910,221984,220974,185986,214961,222288,245286,230115,253307,263445,370178,107549,94831,55079,53800,55778,64406,61056,69007,59430,70476,70861,117581,19438,15689,10883,10380,10113,9787,11483,11584,11334,11866,11543,19137,37,2025-11-25T15:18:54.689-06:00
363451,347887,221932,220996,185989,214948,222386,245432,230192,253439,263570,370402,107552,94859,55084,53790,55785,64417,61084,69046,59489,70499,70843,117593,19422,15706,10898,10393,10120,9807,11486,11582,11342,11867,11538,19142,37,2025-11-25T15:18:54.689-06:00
363639,347980,222001,221030,186037,215041,222544,245535,230262,253514,263641,370351,107565,94877,55075,53814,55817,64448,61087,69075,59485,70508,70806,117508,19431,15699,10895,10382,10120,9793,11492,11587,11335,11866,11523,19138,38,2025-11-25T15:18:54.772-06:00
363521,348005,221957,221052,186054,215074,222563,245583,230378,253611,263758,370624,107564,94893,55091,53819,55883,64515,61134,69096,59507,70525,70878,117607,19440,15682,10890,10387,10125,9789,11490,11592,11329,11861,11519,19128,38,2025-11-25T15:18:54.772-06:00
363454,347890,221930,220989,186027,215071,222660,245721,230419,253682,263786,370661,107565,94873,55085,53818,55912,64582,61233,69196,59584,70589,70917,117597,19404,15657,10888,10387,10111,9782,11487,11581,11330,11855,11504,19119,39,2025-11-25T15:18:54.892-06:00
363392,347879,221941,220944,186049,215048,222693,245831,230492,253669,263865,370913,107483,94841,55058,53782,55871,64522,61222,69241,59605,70608,70863,117572,19336,15628,10861,10360,10087,9755,11479,11585,11321,11833,11499,19099,39,2025-11-25T15:18:54.892-06:00
363511,347993,221985,220920,186052,215034,222688,245778,230530,253762,263959,371205,107438,94777,55041,53749,55766,64364,61162,69129,59539,70550,70782,117516,19338,15608,10846,10340,10066,9730,11463,11560,11309,11831,11491,19100,40,2025-11-25T15:18:54.923-06:00
363508,347955,222027,220968,186026,215029,222567,245686,230498,253783,263998,371496,107391,94722,54987,53703,55664,64234,61020,68951,59399,70426,70733,117412,19313,15578,10808,10316,10028,9708,11441,11538,11294,11817,11498,19109,40,2025-11-25T15:18:54.923-06:00
363555,348128,222161,221168,186094,215077,222543,245502,230486,253822,264030,371681,107389,94680,54977,53686,55617,64140,60914,68822,59291,70324,70674,117394,19285,15580,10796,10299,10007,9679,11427,11519,11276,11795,11490,19084,41,2025-11-25T15:18:55.007-06:00
363611,348148,222183,221236,186075,215132,222483,245445,230430,253828,264064,371666,107342,94648,54971,53672,55551,64086,60822,68716,59208,70242,70610,117267,19257,15539,10775,10297,9998,9679,11406,11511,11268,11795,11486,19082,41,2025-11-25T15:18:55.007-06:00
363455,348158,222169,221275,186068,215107,222412,245379,230419,253823,264112,372020,107313,94622,54938,53662,55534,64056,60779,68627,59137,70188,70606,117341,19237,15547,10768,10279,9979,9671,11400,11486,11272,11782,11483,19072,42,2025-11-25T15:18:55.021-06:00
363480,348167,222232,221323,186078,215222,222397,245342,230395,253797,264131,372049,107293,94604,54934,53679,55518,64055,60747,68618,59121,70149,70610,117338,19227,15529,10756,10279,9975,9669,11384,11476,11254,11779,11475,19081,42,2025-11-25T15:18:55.021-06:00
363442,348088,222239,221410,186089,215214,222355,245341,230381,253812,264227,372148,107297,94616,54926,53687,55520,64056,60736,68609,59109,70149,70631,117380,19231,15520,10750,10270,9972,9660,11383,11472,11239,11767,11485,19083,43,2025-11-25T15:18:55.158-06:00
363432,348088,222201,221409,186100,215152,222381,245301,230375,253828,264208,372117,107281,94607,54922,53678,55514,64047,60735,68588,59091,70127,70626,117405,19223,15525,10744,10271,9969,9647,11377,11472,11253,11770,11482,19095,43,2025-11-25T15:18:55.158-06:00
363453,348080,222180,221390,186121,215188,222373,245274,230383,253759,264187,372248,107283,94614,54930,53689,55530,64072,60732,68588,59090,70124,70619,117377,19233,15520,10750,10271,9970,9665,11371,11471,11242,11753,11494,19097,44,2025-11-25T15:18:55.169-06:00
363387,348008,222200,221412,186128,215223,222379,245279,230398,253775,264219,372369,107262,94626,54935,53688,55525,64056,60740,68601,59069,70142,70632,117422,19218,15522,10747,10269,9973,9668,11380,11470,11248,11767,11491,19090,44,2025-11-25T15:18:55.169-06:00
363426,348035,222163,221383,186138,215220,222349,245262,230361,253787,264224,372168,107313,94623,54935,53694,55533,64084,60712,68568,59060,70116,70596,117398,19229,15512,10739,10291,9984,9672,11374,11480,11248,11769,11489,19097,45,2025-11-25T15:18:55.247-06:00
363415,348068,222132,221377,186103,215149,222348,245316,230360,253785,264243,372360,107317,94625,54947,53701,55553,64108,60754,68599,59081,70127,70650,117435,19233,15519,10755,10274,9981,9667,11386,11473,11245,11775,11488,19108,45,2025-11-25T15:18:55.247-06:00
363417,348001,222155,221380,186078,215138,222330,245287,230340,253789,264244,372407,107330,94640,54941,53695,55560,64081,60760,68623,59105,70148,70647,117437,19246,15529,10757,10289,9970,9671,11389,11495,11243,11773,11499,19084,46,2025-11-25T15:18:55.280-06:00
363366,347918,222121,221359,186022,215095,222344,245276,230346,253738,264236,372249,107308,94638,54948,53718,55597,64146,60758,68605,59084,70146,70676,117472,19237,15534,10753,10291,9990,9683,11381,11485,11249,11773,11485,19091,46,2025-11-25T15:18:55.280-06:00
363290,347820,221963,221205,186051,215003,222328,245342,230335,253707,264209,371552,107340,94700,54972,53721,55680,64262,60847,68717,59162,70216,70733,117511,19258,15531,10773,10287,9987,9684,11383,11479,11251,11778,11477,19087,47,2025-11-25T15:18:55.339-06:00
363175,347789,221913,221116,186061,215065,222457,245461,230375,253759,264257,371735,107380,94709,54998,53723,55688,64274,60914,68817,59283,70285,70721,117498,19241,15536,10773,10288,10015,9690,11395,11490,11254,11775,11472,19076,47,2025-11-25T15:18:55.339-06:00
363294,347863,221972,221085,186037,215095,222438,245455,230398,253734,264258,371791,107337,94703,54987,53715,55676,64242,60917,68819,59269,70298,70715,117506,19249,15542,10785,10300,10010,9692,11391,11483,11258,11772,11475,19074,48,2025-11-25T15:18:55.515-06:00
363259,347943,222028,221190,186093,215078,222441,245482,230386,253775,264288,371837,107372,94679,54991,53716,55637,64226,60897,68793,59241,70254,70694,117494,19280,15531,10779,10296,10005,9680,11393,11493,11253,11770,11482,19080,48,2025-11-25T15:18:55.515-06:00
363312,347878,221999,221157,186097,215076,222459,245443,230435,253783,264199,371773,107347,94695,54986,53721,55652,64234,60880,68781,59227,70257,70701,117491,19247,15537,10782,10295,10008,9692,11392,11479,11259,11775,11494,19082,49,2025-11-25T15:18:55.547-06:00
363303,347875,221980,221199,186055,215092,222504,245487,230397,253783,264270,371834,107359,94678,54976,53718,55670,64227,60898,68774,59230,70274,70704,117508,19265,15534,10786,10294,10017,9692,11404,11494,11259,11782,11490,19089,49,2025-11-25T15:18:55.547-06:00
363251,347849,222019,221163,186078,215096,222409,245466,230410,253756,264217,371824,107360,94698,54986,53710,55652,64203,60882,68787,59216,70266,70707,117508,19252,15582,10785,10298,10012,9689,11402,11490,11259,11780,11494,19087,50,2025-11-25T15:18:55.579-06:00
363243,347829,222060,221163,186102,215046,222483,245408,230331,253778,264221,371840,107338,94666,54996,53713,55636,64207,60871,68759,59215,70238,70693,117498,19267,15546,10797,10297,10005,9701,11407,11499,11261,11779,11489,19090,50,2025-11-25T15:18:55.579-06:00
363275,347899,222021,221183,186100,215105,222428,245452,230371,253756,264258,371886,107368,94686,55001,53733,55663,64226,60877,68763,59194,70245,70729,117491,19283,15530,10780,10309,10018,9698,11391,11497,11259,11790,11491,19097,51,2025-11-25T15:18:55.676-06:00
363240,347860,221967,221155,186108,215095,222401,245412,230343,253785,264238,371770,107383,94709,54995,53750,55731,64303,60896,68796,59242,70272,70740,117520,19274,15540,10796,10306,10025,9703,11399,11494,11260,11782,11476,19081,51,2025-11-25T15:18:55.676-06:00
363273,347879,221918,221100,186086,215070,222478,245551,230455,253769,264237,371830,107375,94731,55024,53741,55740,64341,60965,68854,59300,70316,70759,117494,19262,15551,10794,10306,10031,9697,11399,11491,11262,11778,11471,19076,52,2025-11-25T15:18:55.758-06:00
363310,347769,221940,221099,186079,215062,222509,245560,230393,253755,264240,371765,107381,94739,55017,53742,55741,64340,60986,68890,59334,70322,70742,117556,19258,15546,10801,10305,10025,9695,11392,11499,11253,11773,11459,19063,52,2025-11-25T15:18:55.758-06:00
363242,347799,221939,221087,186053,215039,222542,245585,230422,253765,264232,371883,107355,94742,55015,53759,55754,64355,60983,68925,59330,70332,70752,117544,19214,15535,10798,10297,10016,9696,11407,11497,11257,11773,11468,19048,53,2025-11-25T15:18:55.761-06:00
363225,347787,221922,221047,186051,214953,222502,245552,230398,253772,264148,371836,107367,94722,55008,53745,55741,64326,61001,68922,59339,70344,70734,117535,19243,15541,10797,10296,10014,9692,11399,11499,11257,11768,11479,19078,53,2025-11-25T15:18:55.761-06:00
363169,347751,221889,220983,186031,214975,222431,245440,230367,253671,264120,371818,107353,94708,54996,53723,55725,64319,60976,68894,59318,70337,70736,117493,19246,15525,10796,10295,10019,9699,11409,11501,11253,11760,11473,19073,54,2025-11-25T15:18:55.853-06:00
363149,347772,221915,221001,186035,214965,222402,245450,230361,253627,264069,371846,107338,94685,55003,53729,55671,64272,60953,68862,59295,70301,70698,117486,19249,15540,10799,10300,10016,9680,11402,11498,11252,11770,11476,19046,54,2025-11-25T15:18:55.853-06:00
363183,347778,221892,221031,186027,214965,222392,245328,230256,253671,264089,371905,107315,94655,54984,53703,55640,64198,60907,68790,59241,70251,70685,117451,19239,15532,10789,10284,10012,9683,11394,11491,11255,11773,11484,19074,55,2025-11-25T15:18:55.913-06:00
363223,347793,221980,221009,186023,214978,222357,245300,230258,253564,264075,371990,107294,94662,54959,53691,55627,64163,60851,68739,59183,70192,70642,117415,19254,15532,10773,10282,9999,9685,11369,11483,11254,11778,11478,19063,55,2025-11-25T15:18:55.913-06:00
363184,347796,221984,221043,186026,214927,222365,245290,230228,253608,264069,372032,107319,94639,54967,53683,55591,64140,60853,68699,59180,70190,70644,117410,19223,15527,10775,10284,10005,9675,11389,11479,11259,11760,11480,19073,56,2025-11-25T15:18:55.970-06:00
363093,347722,222023,221087,186006,214948,222344,245259,230234,253584,264060,372056,107305,94651,54954,53677,55594,64137,60818,68686,59151,70168,70626,117392,19239,15539,10769,10277,9995,9685,11386,11483,11244,11767,11476,19087,56,2025-11-25T15:18:55.970-06:00
363070,347708,221990,221087,185986,214877,222334,245277,230210,253575,264071,372027,107270,94662,54979,53698,55617,64163,60817,68666,59136,70161,70637,117420,19228,15543,10772,10290,9987,9665,11384,11485,11248,11774,11474,19080,57,2025-11-25T15:18:56.057-06:00
363081,347689,221931,221026,185961,214873,222287,245270,230212,253584,264017,372024,107306,94679,54983,53690,55637,64174,60829,68680,59158,70164,70655,117423,19226,15517,10780,10293,9999,9672,11399,11482,11244,11762,11480,19069,57,2025-11-25T15:18:56.057-06:00
363027,347605,221927,220995,185912,214846,222236,245208,230161,253531,264019,371814,107297,94652,54985,53706,55637,64187,60845,68706,59169,70181,70674,117434,19223,15533,10778,10284,9997,9673,11380,11479,11239,11765,11476,19081,58,2025-11-25T15:18:56.119-06:00
363017,347663,221937,220987,185948,214854,222245,245165,230151,253448,263950,371932,107276,94640,54964,53694,55628,64189,60850,68714,59162,70180,70639,117460,19232,15528,10773,10278,9994,9669,11390,11475,11249,11766,11471,19074,58,2025-11-25T15:18:56.119-06:00
362908,347585,221834,220939,185906,214824,222224,245181,230117,253465,263746,371743,107253,94630,54970,53678,55626,64165,60848,68709,59161,70192,70637,117393,19208,15537,10779,10275,9994,9676,11388,11476,11242,11738,11471,19058,59,2025-11-25T15:18:56.207-06:00
362938,347554,221800,220869,185902,214769,222191,245088,230102,253421,263891,371798,107246,94630,54960,53673,55593,64116,60830,68685,59164,70166,70609,117385,19218,15517,10764,10274,9990,9661,11375,11467,11240,11759,11473,19057,59,2025-11-25T15:18:56.207-06:00
362914,347642,221866,220911,185930,214839,222172,245082,230068,253410,263908,371907,107252,94583,54942,53644,55571,64081,60774,68639,59111,70113,70578,117403,19213,15514,10757,10270,9980,9665,11371,11467,11232,11749,11470,19064,60,2025-11-25T15:18:56.247-06:00
362960,347653,221942,220971,185913,214829,222159,245048,230057,253415,263901,371999,107228,94591,54949,53658,55535,64053,60748,68602,59087,70104,70578,117397,19208,15517,10759,10267,9975,9662,11373,11464,11232,11760,11474,19061,60,2025-11-25T15:18:56.247-06:00
362917,347625,221893,220970,185887,214844,222114,244990,230070,253427,263881,371968,107230,94584,54934,53644,55522,64049,60738,68560,59065,70089,70563,117399,19213,15520,10752,10262,9969,9663,11364,11463,11233,11756,11475,19058,61,2025-11-25T15:18:56.330-06:00
362884,347645,221916,221035,185958,214848,222123,244949,230054,253337,263927,372140,107238,94597,54928,53637,55518,64045,60720,68545,59063,70054,70579,117410,19201,15508,10756,10270,9967,9654,11365,11457,11237,11750,11487,19075,61,2025-11-25T15:18:56.330-06:00
362900,347644,221918,221011,185919,214881,222106,244907,230048,253406,263909,372165,107167,94564,54924,53650,55525,64037,60717,68526,59032,70062,70582,117466,19195,15498,10746,10263,9959,9654,11368,11457,11246,11757,11488,19093,62,2025-11-25T15:18:56.395-06:00
362981,347635,221968,221009,185914,214856,222104,244997,229966,253366,263963,372182,107190,94559,54931,53663,55539,64044,60710,68548,59021,70051,70617,117471,19203,15502,10754,10268,9967,9661,11371,11477,11225,11752,11474,19085,62,2025-11-25T15:18:56.395-06:00
362893,347626,221915,221089,185907,214873,222118,244961,230009,253331,263945,372202,107186,94591,54926,53666,55534,64060,60720,68563,59051,70059,70593,117493,19200,15500,10751,10261,9973,9658,11366,11467,11232,11763,11481,19081,63,2025-11-25T15:18:56.448-06:00
362977,347684,221899,221024,185908,214884,222106,244993,230055,253374,263956,372291,107199,94582,54934,53665,55539,64063,60746,68568,59051,70083,70618,117493,19204,15514,10760,10274,9978,9663,11373,11463,11232,11766,11479,19074,63,2025-11-25T15:18:56.448-06:00
